text,label
"Jokic's assist-to-turnover ratio this playoff run (5.8) is the best ever recorded for a center through 10+ games. He's simultaneously leading the team in scoring, rebounding, and assists — no player in NBA history has done that across a full conference finals.",analysis
"The Warriors' net rating drops 14.2 points per 100 possessions when Draymond Green is off the floor. That's not just about offense — their entire defensive communication system collapses without him. This is why the Draymond vs. Klay debate is a false choice: you physically cannot run this system without Draymond.",analysis
"Wembanyama's defensive metrics through his first 50 games are historically unprecedented for a rookie. His blocks per game (3.6) and defensive rating (-4.8 relative to team) put him in a tier with only a handful of all-time defensive players after Year 1.",analysis
"Luka Doncic's playoff scoring average (32.4 PPG) is third-highest all time behind only Jordan and LeBron. What makes this more striking is his usage rate — he's carrying a higher offensive load than either of them did at the same age.",analysis
"The Celtics' three-point attempt rate (47.3%) is the highest in NBA history for a Finals team. Historically, teams that shoot above 40% from three in the Finals win 68% of the time — the data strongly favors their style.",analysis
"Anthony Davis's defensive metrics when he plays center vs. power forward tell a clear story: his defensive rating is 6 points better at center, and opposing teams shoot 4.2% worse from the paint when he plays the 5. The Lakers should never play him at the 4.",analysis
"The Thunder's point differential (+9.1) this season is the best since the 2016 Warriors. What's remarkable is they're doing it with the youngest average rotation age (24.3) since the 1994 Magic. Shai is going to win MVP by a landslide.",analysis
"Curry's shot selection data this season is fascinating. His efficiency from 28+ feet (42.3%) is actually higher than his catch-and-shoot percentage from the corner (40.1%). He genuinely shoots better from further out, which defies every conventional basketball principle.",analysis
"Looking at the last 30 years of playoff data, teams with a positive assist-to-turnover ratio in the first two rounds win the championship 71% of the time. This year's Celtics (2.8 ratio) fit that profile almost perfectly.",analysis
"KD's true shooting percentage (63.8%) is statistically the most efficient scoring profile in NBA history for a player with his volume. When you adjust for shot difficulty using tracking data, the gap between him and the second-most-efficient high-volume scorer (LeBron at 60.2%) is larger than commonly understood.",analysis
"Tatum's usage rate in clutch time (42.1%) is actually counterproductive based on his efficiency splits. His TS% drops from 60.4% to 51.2% in clutch situations, while Brown's barely moves (58.1% to 57.3%). The Celtics should be running more late-game sets for Brown.",analysis
"Historically, teams that allow fewer than 108 points per 100 possessions in the regular season have won 18 of the last 25 championships. Defense wins in the playoffs — this is one of the most consistent patterns in NBA history and teams keep ignoring it.",analysis
"The gap between Jokic's PER (31.2) and the second-place player (28.4) is larger than the gap between 2nd and 15th. This kind of statistical dominance has only happened three times in the last 40 years: Jordan in 1988, Shaq in 2000, and LeBron in 2013.",analysis
"OKC's offensive system this year is genuinely different from anything in recent NBA history. Their motion principles generate open threes at a rate (38.2% of shots) that rivals Golden State in 2016, but they do it through driving and kicking rather than off-ball movement. Daigneault deserves Coach of the Year by a wide margin.",analysis
"Dame Lillard's mid-range efficiency (47.3%) this season ranks 8th in the league among players with 100+ mid-range attempts. The narrative that he 'can't play without the ball' ignores that his off-ball scoring efficiency has actually improved by 4.2 percentage points since joining Milwaukee.",analysis
"The historical correlation between regular season win percentage and championship probability is much weaker (r=0.31) than most fans assume. Seeding explains only about 10% of championship outcomes. The Warriors' dynasty was an outlier — teams almost always need some playoff luck regardless of how dominant they were in the regular season.",analysis
"Bam Adebayo's defensive versatility score (ability to guard 1-5 by defensive RAPTOR) is the highest in the league this year. The only players who've graded out similarly in the last decade are Draymond Green and Kawhi Leonard — two of the best defensive players of their generation.",analysis
"The Knicks' offensive rebounding rate (32.4%) is the highest in 15 years. Historically, teams in the top 5 in offensive rebounding during the regular season average 2.3 more points per game in the playoffs, where officiating tightens and half-court execution becomes more important.",analysis
"Chet Holmgren's per-36 numbers (20.4 pts, 9.1 reb, 3.2 blk) are nearly identical to KD's at the same age (21.1, 8.9, 1.1) except Chet blocks 2 more shots per 36. We should be talking about him as a future star more seriously.",analysis
"The correlation between playoff experience and playoff performance is real but often overstated. Teams in their first playoff run win at roughly 40% of the rate of veteran teams in Round 1, but that gap nearly disappears by Round 2 as the field narrows. OKC's inexperience is less of a liability than the national media is suggesting.",analysis
"LeBron's assist percentage (38.2%) this season is the highest of his career despite being 39. His scoring role has decreased (24.8 PPG vs. 27.1 career) but his playmaking efficiency has increased by almost every measurable. He's genuinely a different player now — more Stockton than prime LeBron.",analysis
"The Lakers' roster construction is fundamentally flawed. Their starting five has a combined defensive rating of 114.2 when LeBron and AD share the court but AD is at PF — the worst configuration. When AD plays center with a stretch-4 beside him, that number drops to 107.8. The coaching staff inexplicably refuses to use this.",analysis
"Giannis's free throw percentage has actually improved by 6.3 points over the last two seasons using his new routine. The 'Hack-a-Giannis' strategy is now statistically counterproductive — teams that foul him intentionally are giving up more points per possession than they would by playing normal defense.",analysis
"The three-point revolution has changed what efficiency means. Teams shooting above 38% from three in the playoffs win at a 64% rate in series, regardless of their regular season record. This year, only three teams (Boston, Denver, OKC) clear that threshold on a consistent basis.",analysis
"Historically, players who transition from SG to PG in their late 20s (like Harden did) see their assists increase but their scoring efficiency drop by an average of 2.1 percentage points in TS%. Harden's transition is consistent with the historical pattern — his efficiency decline was predictable and not a sign of aging.",analysis
"LeBron is not a top 5 player of all time and his fans need to accept it. Jordan, Kareem, Magic, Bird, and Wilt were all better than him. No debate. People only think LeBron is the GOAT because they watched him live and didn't see the others at their peak.",hot_take
"The Warriors dynasty is overrated. They got lucky with Durant falling into their lap after blowing a 3-1 lead. Any team with KD would have won those rings. Take KD off those rosters and they win maybe one title instead of three.",hot_take
"Steph Curry is the most overrated player in NBA history. Yes he changed the game but he has never been the best player on the planet and he gets treated like he's Jordan. He couldn't even carry his team without Klay, Draymond, AND Durant.",hot_take
"Unpopular opinion: Kawhi Leonard is not a superstar. He's a very good player who happens to be quiet, which people confuse for 'assassin mentality.' His playoff performances without a dominant co-star have been underwhelming. The 2019 Raptors run is massively overrated.",hot_take
"Change my mind: Kobe Bryant was never the best player in the league. Every year he was 'the best,' LeBron or Shaq was objectively better by every statistical measure. Kobe won by having great teammates and a great system, not by being a generational talent.",hot_take
"Hot take: Giannis will never win a championship without a legitimate second star. He's too one-dimensional offensively and teams have figured out how to defend him in the playoffs. He's Karl Malone 2.0 — dominant in the regular season, limited in the Finals.",hot_take
"Draymond Green has always been overrated. He gets credit for everything that goes right and none of the blame for what goes wrong. The Warriors win those titles without him. He's a glorified defender who can't score and gets carried every playoff run.",hot_take
"The NBA is soft now. Players today wouldn't survive the 90s physical play. Jordan played through defenders who were allowed to basically assault him and he still averaged 33 in the Finals. Today's stars would have 15-point averages in that era.",hot_take
"Kyrie Irving is the most skilled ball-handler in NBA history, more skilled than Isiah Thomas or even Steph Curry, and no one will convince me otherwise. Skill-wise there is nobody at his level ever. The problem is between his ears, not his hands.",hot_take
"Unpopular opinion: The 2016 Warriors were actually better than the 2017 team. They were deeper and more balanced. The Durant version was just a superteam — it wasn't basketball, it was just stacking talent. Winning with him meant less than any of their other titles.",hot_take
"Paul George is the most underrated player of his generation. He should have multiple All-NBA first team selections he didn't get because he played in small markets. Put him in LA from the start and people would be talking about him the way they talk about Kawhi.",hot_take
"The media completely overrates European players. Every draft there's some 7-footer from overseas who is supposedly the next great thing and 90% of them flame out. The one-and-done system produces better NBA players than the European leagues. Fight me.",hot_take
"Rudy Gobert is the most overrated defensive player in the modern era. He's a space-eater who can only defend straight-line drives. Any good offense runs him off the court with pick-and-pop actions. The Jazz conned two teams into overpaying for him.",hot_take
"Hot take: LeBron's four championships are less impressive than Jordan's six because LeBron had more resources — more money, more media, more recruiting ability — and still needed to join superteams to win. Jordan did it with one co-star and a supporting cast. It's not close.",hot_take
"Anthony Davis is a top-5 talent who has never played up to his ability. He's soft, injury-prone, and mentally weak in big moments. The Lakers have wasted prime years waiting for him to become a franchise player and he never will be. Trade him now.",hot_take
"The Eastern Conference has been bad for 15 years and all the impressive LeBron finals runs came at the expense of easy paths through the East. If he played in the West his whole career the way MJ did, he has maybe two titles. The conference disparity is real and it matters.",hot_take
"Trae Young is the most overrated player in the NBA. His team defense is so bad that he negates his own offensive production. Any team that builds around him as their franchise player is destined to be a first or second round exit.",hot_take
"Unpopular opinion: Nikola Jokic gets too much credit for his 'playmaking.' He has the ball a lot and makes easy passes — the reading he does is impressive but it's not that different from what other skilled bigs have done. The MVP hype around his passing is way overblown.",hot_take
"The Clippers organization has been a disaster for 30 years and nothing will ever change. They had Kawhi and George in their prime and couldn't win a single playoff series with both healthy. It's a franchise-level curse at this point.",hot_take
"Joel Embiid is the biggest injury risk in the league and the Sixers will never win a title as long as he's their cornerstone. He's never healthy when it matters. Philly should trade him while his value is still high and rebuild properly.",hot_take
"Russell Westbrook should have retired three years ago. He is actively making every team he plays for worse and teams keep signing him out of misplaced respect for his prime years. His name recognition is now a liability for any front office.",hot_take
"The Houston Rockets are one good draft pick away from being a legitimate contender and nobody is giving them credit. Jalen Green is already a top-15 player and Alperen Sengun is going to be an MVP candidate in two years. Sleep on them if you want.",hot_take
"Damian Lillard should have stayed in Portland. Everything he said about loyalty when he refused to demand a trade for years was hollow — he just left as soon as they started rebuilding. He's not the loyal, franchise-player type he spent years claiming to be.",hot_take
"CURRY JUST HIT THAT FROM HALF COURT WITH 0.4 SECONDS ON THE CLOCK ARE YOU KIDDING ME. I HAVE NEVER SEEN ANYTHING LIKE THIS IN MY ENTIRE LIFE. THIS MAN IS NOT REAL",reaction
"They just traded KD. They actually traded KD. I cannot process this. This is the worst day in NBA history. What is happening. Someone wake me up.",reaction
"THAT DUNK. THAT WEMBANYAMA DUNK. WHAT DID I JUST WATCH. He's 7'4 and just posterized a center two steps behind the three point line. I'm not okay.",reaction
"Giannis just scored 64 points tonight. 64 POINTS. On 25 of 33 shooting. I don't know how to talk about this. Is he the greatest of all time? I think he might be the greatest of all time.",reaction
"They fired Doc Rivers. Finally. FINALLY. I have never felt relief like this in my life. This team can actually go somewhere now. Thank you basketball gods.",reaction
"The buzzer beater just happened and I am literally shaking. I cannot believe this is real. This is why I watch basketball. I'm going to be thinking about this shot for the rest of my life.",reaction
"Just found out about the trade on Twitter while I was in a meeting and I actually had to leave the room. I am devastated. He was my favorite player. This doesn't feel real.",reaction
"THE BLOCK. DID YOU SEE THE BLOCK. LEBRON CAME OUT OF NOWHERE AND THAT BALL IS NOT GOING IN. I screamed so loud my neighbor knocked on my wall. Worth it.",reaction
"Luka just dropped 60 in a playoff game. I've been watching basketball for 25 years. I have never seen anything like this. I don't have words. He's different.",reaction
"I actually started crying when they announced the trade. I know it sounds dramatic but I've been a fan for 15 years and this feels like the end of an era. I'm going to miss him so much.",reaction
"They blew a 28-point lead. A TWENTY EIGHT POINT LEAD. In the fourth quarter. I turned the TV off with 8 minutes left to go to bed and they blew a 28-point lead. I want to throw my TV out the window.",reaction
"OVERTIME. WE'RE GOING TO OVERTIME. I cannot handle this. My heart is going to give out. This team is going to kill me one day and I accept that.",reaction
"The injury just happened and the arena went completely silent on the broadcast. I don't care about the game anymore. Please just let him be okay. Nothing else matters right now.",reaction
"He just hit his THIRD buzzer beater this playoff run. THIRD. Other players go their entire careers without one and this man has three in two weeks. I don't know what to say I am speechless.",reaction
"I refreshed my feed and saw the trade notification and my stomach dropped. This is not what I wanted. I'm going to need a few days before I can even think about this rationally.",reaction
"Just got back from being at the game in person. I am still shaking. That ending was the most insane thing I have ever witnessed live. The entire arena erupted and I have never felt anything like that energy.",reaction
"THEY WON THE CHAMPIONSHIP. THEY ACTUALLY WON. 32 YEARS. I was a baby the last time this happened. My dad is going to lose his mind. I'm calling him right now.",reaction
"The announcer just said his name in the starting lineup and the arena gave him a standing ovation and I'm tearing up watching this on TV. He deserves everything. What a moment.",reaction
"That flagrant foul just changed the entire series. I can feel it. I can FEEL the momentum shifting. This is not the same game it was 5 minutes ago. We are in trouble.",reaction
"Woke up to the trade news and genuinely thought it was a joke account at first. Read it three times. Checked multiple sources. Still can't believe it. This league never stops surprising me.",reaction
"They LOST HOME COURT. After everything this season. After 65 wins. They LOST HOME COURT in Game 1 at home. I have no words. This is an embarrassment.",reaction
"He just came back from his injury and immediately hit a three on his first possession and the crowd went absolutely insane and I lost my mind watching on TV. Welcome back. We missed you so much.",reaction
"The ref just made that call and I physically stood up from my couch and yelled at my TV. That was the most obvious missed call I have ever seen in 20 years of watching this sport. Unacceptable.",reaction
"Just watched Jokic get eliminated and I feel nothing but respect. He gave everything he had this run. Sometimes the ball just doesn't bounce your way. Class act. We don't deserve him.",reaction
"GAME 7. WE ARE GETTING A GAME 7. I cannot believe this series. The best basketball I have ever watched. I am not sleeping tonight. Cannot wait.",reaction
"They just signed him to a max contract and I am genuinely excited about this team's future for the first time in years. Let's build something real. New era starts now.",reaction
"That halftime score is humiliating. Down 32 at home in a playoff game. The coach needs to say something in that locker room. Something needs to change or this series is over.",reaction
"Just saw the injury update and my heart sank. He worked so hard to get back. It's genuinely heartbreaking watching someone give everything and have their body keep failing them.",reaction
"THAT THREE AT THE BUZZER TO SEND IT TO OT IN GAME 6 IS THE GREATEST SHOT I HAVE EVER SEEN IN MY LIFE. I'm screaming. My roommates are awake. Nobody cares. GO.",reaction
"They gave him a standing ovation when he came out of the game for the last time in that arena and I'm not okay. Basketball can be so beautiful sometimes. End of an era.",reaction
"I watched this team lose for 12 years. 12 YEARS. And they're finally in the Finals. I don't know how to feel. I've prepared for disappointment my whole life as a fan. I think we might actually do this.",reaction
"Jokic's vision is unlike anything I've ever seen from a big man. The way he reads defensive rotations before they develop is almost chess-like — he's making passes to spots that haven't opened yet when he releases the ball.",analysis
"The Thunder's transition defense (allowing 0.89 PPP on fastbreaks) is the best in the league this year. Their guards have elite closing speed and Holmgren anchors the rim protection on scramble situations. It's a systematically designed defense, not just athletic talent.",analysis
"Analyzing LeBron's decline by the numbers: his drives per game (8.2 to 5.1), his rim attempt rate (down 14%), his pull-up three percentage (down 6.2 points). These are not random fluctuations — they trace a clear athletic decline that started around age 37 even as his IQ remains elite.",analysis
"The Timberwolves' switch-everything defense has a hidden vulnerability: they rank 28th in defending actions that require two consecutive stops — the second defender is consistently late because of how their switching assignments are designed. Teams that run back-to-back DHOs against them are getting quality shots.",analysis
"Looking at Ime Udoka's defensive system in Houston: his teams have ranked top 5 in fewest long twos allowed in each of his three full seasons as a coach. His rotations are designed specifically to eliminate the least efficient shot in basketball. It's a philosophically coherent approach.",analysis
"The Heat's clutch-time offense (scoring 102.4 per 100 possessions in clutch situations) is 7th best in the league. What's interesting is they're achieving this through isolation-heavy sets — the opposite of their system offense — suggesting they trust individual creation more than their system when games tighten.",analysis
"Wembanyama's shot-blocking isn't just volume — it's positioning. His average distance from the basket when he records a block (14.2 feet) is the highest of any rim-protector in the league. He's not just protecting the rim; he's protecting a 15-foot radius around the rim.",analysis
"The Lakers' offensive rating with LeBron at the 5 (116.4) vs. LeBron at the 4 (109.2) is a 7-point swing. When he plays center, the spacing opens up because Davis draws double teams instead of LeBron, and LeBron can operate as a playmaker with more room. They should run this lineup 15 minutes a night.",analysis
"SGA's efficiency in isolation (1.08 PPP) ranks 4th among players with 200+ isolation possessions this season. What separates him from other isolation scorers is his shot selection — he converts at a higher rate because he's more disciplined about taking contested pull-ups than Booker, Trae, or Luka.",analysis
"The Pacers' pace (103.7 possessions per game) is the fastest in the league by a significant margin. Historically, high-pace teams in the playoffs see their pace drop by 4-6 possessions per game as opponents slow them down. The question isn't whether Indiana can run — it's whether they can win in a half-court game.",analysis
"Denver's half-court offense (1.12 PPP) is the most efficient in the league when Jokic is the primary ball-handler in pick-and-roll. His decision-making from that position — knowing when to score, pass, or pull up — is measured by decision quality metrics (created shots above average) at the highest level ever recorded.",analysis
"Minnesota's defense against the pick and roll has been elite this year (allowing 0.82 PPP in PnR coverage). Their strategy of dropping Gobert while having their guards fight over screens is working because Gobert has elite timing on closeouts — he rarely bites on pump fakes, which is measurably unusual for a center playing drop coverage.",analysis
"The Jazz are quietly building one of the best young cores in the league. Walker Kessler's defensive metrics (3.4 blocks per 100 possessions, 94.3 opponent FG% at rim) are generational for a second-year player. People are going to be shocked in three years.",analysis
"Tyrese Haliburton's assist percentage (52.3%) is the highest in the league and would rank in the top 3 all-time for a primary ball-handler. What's underappreciated is his turnovers per 100 possessions (2.1) — he's creating at an absurd rate with remarkable care.",analysis
"Atlanta's defense is statistically the worst in the league (116.8 defensive rating) and it's not even close. When you watch the film it's obvious — their help rotations are designed for the Warriors-era NBA, not the current league. They're a full defensive philosophy behind.",analysis
"OKC has no shot at the title this year and anybody claiming otherwise is letting excitement cloud their judgment. They haven't faced a team with a true offensive star in the playoffs and their defense will get exposed.",hot_take
"The Celtics are frauds. I've said it all year. They'll find a way to choke in the playoffs like they always do. Some teams just aren't built mentally to win championships.",hot_take
"LeBron at 40 is still better than 90% of the league and if you disagree you're just a hater. The man is literally defying biology and nobody talks about it enough.",hot_take
"The NBA has a flopping problem and the league refuses to fix it because their biggest stars are the worst offenders. It's genuinely embarrassing to watch and it's making the sport unwatchable.",hot_take
"Minnesota is going to win the title this year. Anthony Edwards is the best player alive and nobody can convince me otherwise. Championship or bust and I'm taking the over.",hot_take
"Zion Williamson is a bust at this point. He's never going to be healthy and when he is he doesn't make teams better. The Pelicans should have taken Ja Morant.",hot_take
"The Clippers should just blow it up. They've wasted Kawhi and PG's prime years with bad coaching and poor roster decisions. Start completely over.",hot_take
"Charles Barkley has never given an intelligent basketball take in his entire career on TV and people need to stop treating him like he's some kind of oracle. He's entertaining but he's usually wrong.",hot_take
"Ja Morant would have been better off if he never went viral. The fame ruined him. He was more focused and more dangerous before everyone knew who he was.",hot_take
"The NBA draft is basically a lottery for the top 5 picks and everything after that is guesswork. Teams that claim to have a system for evaluating draft talent are delusional — nobody knows anything after pick 10.",hot_take
"Boston is the most annoyingly overrated franchise in sports. Their fans act like they invented basketball and treat every mediocre player like a legend because he wore green.",hot_take
"Stephen A. Smith is bad for the NBA. He creates narratives, amplifies drama, and makes everything about himself. The league was better discussed before his era of hot take journalism.",hot_take
"Bron is washed. Has been for two years. People just can't admit it because they've staked their whole identity on him being the GOAT. Let the man retire with dignity.",hot_take
"Victor Wembanyama is the most important player to enter the league since LeBron and it's not even close. He's going to change basketball in ways we can't even predict yet. The ceiling is completely unknowable.",hot_take
"The NBA refs are the worst officials in professional sports. They decide games with phantom calls, ignore real fouls, and apply the rules differently for stars than for role players. The product suffers every night because of them.",hot_take
"I cannot believe what just happened. That was the best basketball game I have ever watched in my entire life. My voice is gone. My phone is dead. I don't care. That was worth everything.",reaction
"Trade just dropped while I was eating dinner and I literally stopped mid-bite. Stared at my phone for 30 seconds. Then went back to eating because what else can you do at this point. This league is chaos.",reaction
"He just hit BACK TO BACK threes to cut the lead to two with 40 seconds left. DO NOT TURN THIS OFF. WE ARE STILL ALIVE. My entire neighborhood can hear me right now.",reaction
"They retired his number tonight and showed his career highlights and I sobbed. Actual tears. He meant so much to this city and to me growing up. Thank you for everything.",reaction
"The draft pick just got announced and everyone in the chat immediately knew it was a mistake. This is going to haunt this franchise for 5 years. I've seen this movie before.",reaction
"He just dunked ON THE ENTIRE DEFENSE. There were three people there. Three people. And he dunked on all of them. I rewound it six times. I'll watch it 600 more before I sleep.",reaction
"I stayed up until 2am to watch this game live and they lost in the most painful way possible. I regret everything. I have work in 4 hours. No regrets. I'd do it again.",reaction
"The injury timeout is happening and the whole building is silent and it's the most heartbreaking thing to watch. Please be okay. The game doesn't matter.",reaction
"Series over. I knew it was over the moment they went down 3-1 but some part of me kept hope. The hope died tonight. We'll get them next year. I love this stupid team.",reaction
"SERIES TIED. SERIES TIED. THEY CAME BACK FROM 3-1 IN THE SERIES AND IT'S TIED. I HAVE NEVER FELT ANYTHING LIKE THIS IN MY LIFE.",reaction
"He scored 8 points in the fourth quarter on bad legs and willed his team to a win and I am emotional about a basketball game like a grown adult. Worth every second.",reaction
"The front office just made the dumbest trade I have ever seen in real time. Watching a team dismantle itself while I hold a beer is a unique kind of sports suffering.",reaction
"Game 7 tips off in 10 minutes and I genuinely cannot sit still. I've been pacing for an hour. This is too much. I love basketball. I hate basketball. Let's go.",reaction
"He just signed the extension and I feel genuine joy about a stranger's employment contract. Basketball does something to your brain that is not entirely rational and I fully embrace it.",reaction
"The refs just called that foul with 2 seconds left and the arena booed so loud the broadcast cut out for a second. I felt that from my couch 2000 miles away.",reaction
"Just watched a 22-year-old put the team on his back in the fourth quarter of an elimination game with ice in his veins and I remembered why I fell in love with this sport.",reaction
"Watching them celebrate on our court. In our building. After we were up 3-2. I'm going to bed. Goodnight. This is too much.",reaction
"The comeback is real. We are in the middle of a historic comeback right now. Put some respect on this team's name. I said what I said.",reaction
"He hit the game winner and immediately ran to find his mom in the stands and I completely lost it. Sports, man. I can't explain why I care this much but I do.",reaction
"Draft night. Anything is possible. Every fan base has hope for exactly one night a year. This is that night. Enjoy it before reality sets in tomorrow.",reaction
"The Pacers run-and-gun style is going to get exposed by any half-court defensive team in the playoffs. They're fun to watch but fun doesn't win in May.",hot_take
"Devin Booker is the most overrated player in the current NBA. Great scorer in the regular season, disappears when it matters. Always has an excuse. Not a winner.",hot_take
"Everyone sleeping on the Knicks this year is going to regret it come June. This team has something different. The Garden is back. I can feel it.",hot_take
"The Grizzlies haven't been the same since Morant's suspension. They needed that moment to happen — it exposed the culture problems that were building. Better to deal with it now.",hot_take
"Chris Paul is the most overrated player in NBA history. 18 years in the league and one Finals appearance. His passing is beautiful and completely useless when it matters.",hot_take
"I genuinely think the Spurs are two years away from being a playoff team and people are laughing. Wembanyama plus the right supporting cast and Pop's system will work again.",hot_take
"James Harden has completely fallen off. The guy dominating Houston and Brooklyn is gone. What we have now is a role player with a max contract and it's time to say it.",hot_take
"The media needs to stop comparing every young player to Jordan. It's lazy journalism and it ruins the enjoyment of watching new players develop on their own terms.",hot_take
"Nobody wants to say it but the league is worse to watch now than it was 10 years ago. Too many threes, not enough physicality, and the refs protect stars too much. Old heads are right.",hot_take
"Tatum is a number two who thinks he's a number one and that's the ceiling of the Celtics. They'll win when he accepts a supporting role behind Brown. Until then, first round exits.",hot_take
"Miami without Jimmy Butler is a completely different team and people forget that because they made the Finals. That team's identity and toughness came entirely from him.",hot_take
"The Sacramento Kings are cursed. There is no other explanation. Any city that produces that many years of pain cannot be explained by basketball reasons alone. It's metaphysical at this point.",hot_take
"They just announced the starting lineups and I have butterflies. Actual butterflies. I haven't felt like this about a Game 7 since 2016. Something special is about to happen.",reaction
"Just got the notification that he signed the max extension and I actually pumped my fist at my desk at work. My coworkers think I need help. They're right. No regrets.",reaction
"Watching the trophy presentation right now and I have been a fan for 22 years and I cannot believe this is actually happening. I'm going to remember this moment forever.",reaction
"They just blew up the trade deadline by acquiring three players I didn't know existed and somehow I'm supposed to have an opinion by tomorrow. I need a day.",reaction
"THE HALF COURT SHOT WENT IN. IN A PLAYOFF GAME. WITH 1 SECOND LEFT ON THE SHOT CLOCK. I'm calling everyone I know right now. This is real. This happened.",reaction
"He looked at the camera after the dunk and just smiled and I genuinely laughed out loud at home alone like an idiot. This man plays basketball with pure joy. I love it.",reaction
"Checked my phone one minute before the trade deadline and saw they didn't make any moves and I'm genuinely relieved. Sometimes the best trade is the one you don't make. Trust the process.",reaction
"The buzzer sounded and our season is over and I don't want to look at anything basketball-related for at least three days. I'll be back in four. Maybe three.",reaction
"He's only 19 years old and he just took over a playoff game on the road in front of 20,000 hostile fans and I am watching something I will tell people about in 30 years.",reaction
"That sequence — four straight buckets, timeout, another bucket — is the kind of thing that makes sports worth caring about. I'm irrationally happy right now and I don't apologize.",reaction
"Mitchell's scoring efficiency in isolation this season (1.03 PPP) ranks top 10 in the league. What distinguishes him from other isolation guards is his step-back frequency — he takes 2.3 step-back threes per game, converting at 38%, which forces defenders to respect his range and opens driving lanes.",analysis
"The Nuggets' bench scoring differential (+4.2 per game) is the best in the Western Conference this year. Their second unit runs nearly identical actions to the starters because Malone trusts the system over personnel — the bench wins because of scheme, not talent.",analysis
"Boston's offensive rebounding rate (29.1%) is deceptively high given that they lead the league in three-point attempts. Typically high-volume three-point teams sacrifice offensive rebounding to get back in transition defense — the Celtics have found a way to do both simultaneously.",analysis
"Shai's improvement in pull-up mid-range efficiency (45.1% to 51.3% year over year) is the single most important development for OKC's offense. Pull-up mid-range is the most difficult shot in basketball to make consistently, and his improvement there has made their half-court offense nearly unsolvable.",analysis
"The Pacers commit more offensive fouls (3.1 per game) than any team in the league because of their pace. Running fast-break actions means more collisions, which means more charging calls — it's a structural vulnerability in their style, not player-by-player mistakes.",analysis
"Paolo Banchero's improvement in pick-and-roll defense (surrendering 0.91 PPP, down from 1.04) is quietly one of the most important development stories in the league this year. He can now switch onto guards in isolation without being exploited — that makes Orlando's defense sustainable in the playoffs.",analysis
"Steph Curry shoots 44.3% from three off the dribble this season, by far the most difficult three-point shot type. The league average for pull-up threes is 34.1%. The gap between Curry and the field on this specific shot is larger than the gap between the field and a league-average shooter on catch-and-shoot threes.",analysis
"The Knicks' opponents shoot 3.4% worse from three when Tom Thibodeau's defense runs a hard hedge compared to his drop coverage — small sample but consistent. His willingness to adjust his scheme based on opposing personnel is underappreciated.",analysis
"Detroit's point differential (-8.3 per 100) would be the worst in the league in 12 of the last 15 seasons. But their young roster's trajectory matters more than their current record. Cade Cunningham's net rating when healthy (+2.1) is legitimately positive, which almost no one expected this year.",analysis
"LeBron's playmaking-to-scoring ratio this season is the highest of his career — his assists per field goal attempt is 1.62, compared to his career average of 0.89. He's genuinely functioning as a point guard at 39, which is unprecedented in NBA history for a player who was a primary scorer his entire career.",analysis
"The Bucks' defensive rating when Giannis guards the primary ball-handler (101.4) vs. when he helps off his man (109.2) is an 8-point swing. Their defense is built around Giannis' coverage of primary guards — when he's forced to help, the system breaks down.",analysis
"Phoenix's roster construction is fundamentally misaligned with playoff basketball. Their starting five plays at 103.2 pace (12th) but their best lineups play at 97.1 pace (slower is better for them). They're running a style that contradicts what their personnel does well.",analysis
"Dame's off-ball movement this season (screens set: 180, sprints off screens: 312) is more than any guard who has come to Milwaukee in the last decade. He's genuinely adapting his game to play without the ball for the first time, and his efficiency in catch-and-shoot situations (41.2%) reflects it.",analysis
"The Heat's zone defense frequency (28.3% of defensive possessions) is the highest in the league since the rule changes allowed zones in 2001. Spoelstra has developed the most sophisticated zone system in modern basketball — their rotations are designed specifically to counter the ball-movement actions that kill traditional zones.",analysis
"Holmgren's defensive versatility score (top 3 in guarding 1-5 by RAPTOR defensive) combined with his offensive creation (17.4 PPG, 39.1% from three) is a profile that has never existed in the NBA. The combination of a 7-foot frame, shooting ability, and defensive IQ at his age is genuinely unprecedented.",analysis
"The Warriors' age curve is working against them in a measurable way: their clutch-time performance (teams within 5 points in the last 5 minutes) has dropped from +4.2 (2022) to -1.8 (this season). Veteran teams tend to perform better in clutch situations, but only up to a certain age threshold.",analysis
"Tyrese Maxey's improvement in pull-up shooting (from 37.2% to 43.4%) is the single biggest reason Philly can stay afloat without Embiid for stretches. He was a catch-and-shoot specialist two years ago — now he's their primary creator in isolation, and the numbers back it up.",analysis
"Minnesota's switch rate (61.2%) is the highest of any top-5 defensive team in the league. Most teams that switch heavily sacrifice rebounding position — the Wolves have found ways to combat this through their boxing-out system, which is one of Finch's most underappreciated coaching achievements.",analysis
"OKC's schedule-adjusted net rating (+10.4) is the best in the league and it holds up even accounting for strength of schedule. The variance in their win margin distribution (low variance, consistent wins) suggests this isn't a fluke — they genuinely are as good as their record.",analysis
"The Lakers' two-man lineups with LeBron and Davis have a net rating of +12.3 when healthy. Every other combination they've tried (LeBron/Austin Reaves, Davis/Reaves) sits below +5. This is one of the clearest two-man dependency cases in recent NBA history.",analysis
"Immanuel Quickley's assist-to-turnover ratio (4.1) is third-best among point guards with 500+ possessions as a primary ball handler. His ability to generate offense without creating turnovers is what makes Toronto's offense functional despite limited shooting from their forwards.",analysis
"The 76ers' playoff performance under Doc Rivers (5-8 in series, 0 Conference Finals appearances) compared to their regular season dominance (+8.1 average point differential in those years) is one of the largest coaching-attributed performance gaps in recent history. The data suggests systemic tactical failures in adjustments.",analysis
"Cleveland's defense allows 104.1 points per 100 possessions — 3rd in the league. What's interesting is their defensive performance doesn't correlate with Mitchell's on/off splits (+0.1) — it's driven entirely by their interior defense (Mobley and Allen), which functions independently of their primary offensive creation.",analysis
"The Warriors have not had a positive offensive rating in the 4th quarter (+0.2 average) in 14 consecutive playoff games. That is a pattern, not variance. Something about how their offense is structured — the movement, the pace — is getting figured out by playoff teams in late-game situations.",analysis
"Victor Wembanyama is going to be a top-3 player in the league in two years and anyone who says otherwise doesn't watch basketball. Book it. Call me in 2026.",hot_take
"The Celtics will win the championship this year or it's a complete failure of a season given their roster talent. No excuses. It's title or bust.",hot_take
"Ja Morant is still the most exciting player to watch in the NBA when he's healthy. The off-court stuff is real but his basketball is undeniable. People forget that when they're being sanctimonious.",hot_take
"The NFL is more popular than the NBA and it's not close, and the league should stop pretending they're on equal footing. The NBA's ratings tell the real story.",hot_take
"Mavericks in 6 in the Finals. I've been saying it all year. Dallas is the most dangerous team in basketball right now and nobody wants to give them credit.",hot_take
"Ben Simmons was and always will be a massive bust relative to his draft position. The talent was real. The will to compete was not. Some things don't change.",hot_take
"The salary cap in the NBA is a complete joke. Teams circumvent it constantly and the league punishes small market teams for playing by the rules. The whole system needs to be torn down.",hot_take
"Kawhi Leonard at full health is still the best two-way player alive. The issue is he's never going to be fully healthy again. Buy the peak, don't buy the durability.",hot_take
"Young NBA fans don't appreciate how dominant the 2001 Lakers were. That was the greatest team ever assembled and they swept everyone. Shaq in his prime was literally unstoppable — nothing today compares.",hot_take
"The media completely ignores small market teams until they win something. Utah, Indiana, Oklahoma City — these franchises build properly and get no coverage until the playoffs. It's embarrassing.",hot_take
"Donovan Mitchell is a max player who plays in a style that looks great in regular season stats and disappears when you actually need him most. The Cavaliers overpaid and they'll find out.",hot_take
"I genuinely cannot believe this trade just happened and I'm still processing it. What does this mean for the team? What does this mean for me as a fan? I need to lie down.",reaction
"He just posted 50 and I have no words except I'm genuinely blessed to watch him play basketball. This is what makes sports worth caring about.",reaction
"TIMEOUT CALLED WITH 0.3 SECONDS LEFT AND THEY DREW UP A PLAY AND IT ACTUALLY WORKED AND I AM LOSING MY MIND IN MY LIVING ROOM ALONE AT MIDNIGHT.",reaction
"The draft pick announcement just happened and I refreshed my timeline 40 times in 2 minutes before believing it was real. This changes everything. New era.",reaction
"He walked off the court holding his arm and the arena got completely silent and I felt it in my stomach from my couch. Please let him be okay.",reaction
"That's the greatest dunk I've ever seen and I've been watching for 25 years. Poster of the year. Poster of the decade. Rewatching it until my eyes fall out.",reaction
"We advanced. We actually advanced. I've been waiting for this since 2013. I'm texting everyone I know. Nobody cares but me. I don't care. WE ADVANCED.",reaction
"Just watched the press conference where he announced he's leaving and I feel personally betrayed by someone I've never met. Sports are ridiculous and I love them.",reaction
"3 overtimes. THREE OVERTIMES. It's 1am. I have a flight at 6am. I have not moved from this couch. The game is not close to over. This is who I am.",reaction
"The trade deadline passed with no moves and I am simultaneously relieved and terrified. Stand-pat means they believe. I believe too. Let's see if we're right.",reaction
"Sacramento's clutch-time defense (allowing 118.2 points per 100 in the last 5 minutes of close games) is the worst in the league. Their rotations break down under pressure because Fox is gambling for steals instead of staying in his assignment — it's a systemic problem not a personnel one.",analysis
"Bradley Beal is the most overpaid player in the league and it isn't close. His contract was bad the day it was signed and it's only gotten worse. Phoenix is going to be stuck with this for years.",hot_take
"The season just ended and I'm already in withdrawal. Eight months of basketball and now nothing. Summer is so long. Why did I get emotionally invested again. I know why. I can't help it.",reaction
"Zach LaVine's scoring efficiency when Chicago runs pick-and-roll for him off the elbow (1.11 PPP) is dramatically better than his pull-up isolation numbers (0.94 PPP). The Bulls have inexplicably run fewer elbow actions for him each year. That's a coaching failure, not a player failure.",analysis
